SR. No,Ward No,Serial no.,Tree Name,Scientific Name,Latitude,Longitude,Girth (Inch),Height (Ft),Age (Years),Canopy (sq. mtr),Condition,Landmark,Concern Person,ownership,Remark,Display
4991,11,W111709470094663-baw6S,Mosambi tree,Citrus limetta,19.29201796,76.47935685,24,16,2_5,13,Good,Ward 11,Akshay Hake,Private,Good,Yes
4992,11,W111709470095022-baw6S,Mosambi tree,Citrus limetta,19.29202017,76.47935417,28,15,2_5,12,Good,Ward 11,Akshay Hake,Private,Good,Yes
4993,11,W111709470095391-baw6S,Mosambi tree,Citrus limetta,19.29203251,76.47935718,24,17,2_5,13,Good,Ward 11,Akshay Hake,Private,Good,Yes
4994,11,W111709470095738-baw6S,Mosambi tree,Citrus limetta,19.29203853,76.47935752,25,17,2_5,13,Good,Ward 11,Akshay Hake,Private,Good,Yes
4995,11,W111709470096084-baw6S,Mosambi tree,Citrus limetta,19.29204454,76.47935651,22,13,2_5,10,Good,Ward 11,Akshay Hake,Private,Good,Yes
4996,11,W111709470096421-baw6S,Mosambi tree,Citrus limetta,19.2920553,76.47936154,23,17,2_5,13,Good,Ward 11,Akshay Hake,Private,Good,Yes
4997,11,W111709470096747-baw6S,Mosambi tree,Citrus limetta,19.29206447,76.47936255,24,16,2_5,13,Good,Ward 11,Akshay Hake,Private,Good,Yes
4998,11,W111709470097116-baw6S,Mosambi tree,Citrus limetta,19.29207239,76.47936322,26,13,2_5,10,Good,Ward 11,Akshay Hake,Private,Good,Yes
4999,11,W111709470097430-baw6S,Mosambi tree,Citrus limetta,19.29208726,76.47936489,21,14,2_5,11,Good,Ward 11,Akshay Hake,Private,Good,Yes
5000,11,W111709470097809-baw6S,Mosambi tree,Citrus limetta,19.29209612,76.47936858,23,13,2_5,10,Good,Ward 11,Akshay Hake,Private,Good,Yes
5001,11,W111709470098177-baw6S,Mosambi tree,Citrus limetta,19.2921053,76.47937026,24,11,2_5,9,Good,Ward 11,Akshay Hake,Private,Good,Yes
5002,11,W111709470098486-baw6S,Mosambi tree,Citrus limetta,19.29212112,76.47937663,21,11,2_5,9,Good,Ward 11,Akshay Hake,Private,Good,Yes
5003,11,W111709470098851-baw6S,Mosambi tree,Citrus limetta,19.29213409,76.47938099,20,13,2_5,10,Good,Ward 11,Akshay Hake,Private,Good,Yes
5004,11,W111709470099157-baw6S,Mosambi tree,Citrus limetta,19.29214106,76.47938099,20,14,2_5,11,Good,Ward 11,Akshay Hake,Private,Good,Yes
5005,11,W111709470099494-baw6S,Mosambi tree,Citrus limetta,19.29215498,76.47938568,22,15,2_5,12,Good,Ward 11,Akshay Hake,Private,Good,Yes
5006,11,W111709470099800-baw6S,Mosambi tree,Citrus limetta,19.29216194,76.47938434,22,14,2_5,11,Good,Ward 11,Akshay Hake,Private,Good,Yes
5007,11,W111709470100137-baw6S,Mosambi tree,Citrus limetta,19.29216669,76.47938132,21,16,2_5,13,Good,Ward 11,Akshay Hake,Private,Good,Yes
5008,11,W111709470100463-baw6S,Mosambi tree,Citrus limetta,19.29217428,76.47938099,25,14,2_5,11,Good,Ward 11,Akshay Hake,Private,Good,Yes
5009,11,W111709470100822-baw6S,Mosambi tree,Citrus limetta,19.29217998,76.47938132,24,14,2_5,11,Good,Ward 11,Akshay Hake,Private,Good,Yes
5010,11,W111709470101184-baw6S,Mosambi tree,Citrus limetta,19.29218821,76.479383,24,15,2_5,12,Good,Ward 11,Akshay Hake,Private,Good,Yes
5011,11,W111709470105114-baw6S,Mosambi tree,Citrus limetta,19.29173157,76.47925023,23,13,2_5,10,Good,Ward 11,Akshay Hake,Private,Good,Yes
5012,11,W111709470105787-baw6S,Mosambi tree,Citrus limetta,19.29173948,76.47925224,25,12,2_5,9,Good,Ward 11,Akshay Hake,Private,Good,Yes
5013,11,W111709470106094-baw6S,Mosambi tree,Citrus limetta,19.29174518,76.47924956,21,14,2_5,11,Good,Ward 11,Akshay Hake,Private,Good,Yes
5014,11,W111709470106443-baw6S,Mosambi tree,Citrus limetta,19.29175499,76.47925291,23,15,2_5,12,Good,Ward 11,Akshay Hake,Private,Good,Yes
5015,11,W111709470106756-baw6S,Mosambi tree,Citrus limetta,19.29175973,76.47925459,24,12,2_5,9,Good,Ward 11,Akshay Hake,Private,Good,Yes
5016,11,W111709470107093-baw6S,Mosambi tree,Citrus limetta,19.29176765,76.47925761,27,13,2_5,10,Good,Ward 11,Akshay Hake,Private,Good,Yes
5017,11,W111709470107439-baw6S,Mosambi tree,Citrus limetta,19.29177967,76.47926129,29,14,2_5,11,Good,Ward 11,Akshay Hake,Private,Good,Yes
5018,11,W111709470107766-baw6S,Mosambi tree,Citrus limetta,19.29178885,76.47926264,26,13,2_5,10,Good,Ward 11,Akshay Hake,Private,Good,Yes
5019,11,W111709470108704-baw6S,Mosambi tree,Citrus limetta,19.29181005,76.47926062,30,15,2_5,12,Good,Ward 11,Akshay Hake,Private,Good,Yes
5020,11,W111709470109366-baw6S,Mosambi tree,Citrus limetta,19.29181638,76.47926331,26,12,2_5,9,Good,Ward 11,Akshay Hake,Private,Good,Yes
5021,11,W111709470109695-baw6S,Mosambi tree,Citrus limetta,19.29182492,76.47926465,22,12,2_5,9,Good,Ward 11,Akshay Hake,Private,Good,Yes
5022,11,W111709470110043-baw6S,Mosambi tree,Citrus limetta,19.29183378,76.47926632,25,13,2_5,10,Good,Ward 11,Akshay Hake,Private,Good,Yes
5023,11,W111709470110359-baw6S,Mosambi tree,Citrus limetta,19.29184264,76.47926733,29,14,2_5,11,Good,Ward 11,Akshay Hake,Private,Good,Yes
5024,11,W111709470111305-baw6S,Mosambi tree,Citrus limetta,19.29186226,76.47926901,24,13,2_5,10,Good,Ward 11,Akshay Hake,Private,Good,Yes
5025,11,W111709470112969-baw6S,Mosambi tree,Citrus limetta,19.29188568,76.47926465,22,13,2_5,10,Good,Ward 11,Akshay Hake,Private,Good,Yes
5026,11,W111709470113494-baw6S,Mosambi tree,Citrus limetta,19.29188315,76.47928074,28,15,2_5,12,Good,Ward 11,Akshay Hake,Private,Good,Yes
5027,11,W111709470113885-baw6S,Mosambi tree,Citrus limetta,19.29189454,76.47928644,25,14,2_5,11,Good,Ward 11,Akshay Hake,Private,Good,Yes
5028,11,W111709470114233-baw6S,Mosambi tree,Citrus limetta,19.29191068,76.47929013,30,11,2_5,9,Good,Ward 11,Akshay Hake,Private,Good,Yes
5029,11,W111709470115308-baw6S,Mosambi tree,Citrus limetta,19.29193473,76.47929315,21,11,2_5,9,Good,Ward 11,Akshay Hake,Private,Good,Yes
5030,11,W111709470116948-baw6S,Mosambi tree,Citrus limetta,19.29196163,76.47929583,26,11,2_5,9,Good,Ward 11,Akshay Hake,Private,Good,Yes
5031,11,W111709470117285-baw6S,Mosambi tree,Citrus limetta,19.29194707,76.47929214,24,17,2_5,13,Good,Ward 11,Akshay Hake,Private,Good,Yes
5032,11,W111709470117601-baw6S,Mosambi tree,Citrus limetta,19.29195593,76.47929482,29,15,2_5,12,Good,Ward 11,Akshay Hake,Private,Good,Yes
5033,11,W111709470117938-baw6S,Mosambi tree,Citrus limetta,19.29196606,76.47929415,26,16,2_5,13,Good,Ward 11,Akshay Hake,Private,Good,Yes
5034,11,W111709470118285-baw6S,Mosambi tree,Citrus limetta,19.29197555,76.47929851,26,17,2_5,13,Good,Ward 11,Akshay Hake,Private,Good,Yes
5035,11,W111709470118622-baw6S,Mosambi tree,Citrus limetta,19.29199138,76.47929683,30,16,2_5,13,Good,Ward 11,Akshay Hake,Private,Good,Yes
5036,11,W111709470125969-baw6S,Mosambi tree,Citrus limetta,19.29202049,76.47929851,30,17,2_5,13,Good,Ward 11,Akshay Hake,Private,Good,Yes
5037,11,W111709470138935-baw6S,Mosambi tree,Citrus limetta,19.29205656,76.47932164,23,14,2_5,11,Good,Ward 11,Akshay Hake,Private,Good,Yes
5038,11,W111709470139713-baw6S,Mosambi tree,Citrus limetta,19.29207555,76.47932667,24,17,2_5,13,Good,Ward 11,Akshay Hake,Private,Good,Yes
5039,11,W111709470140186-baw6S,Mosambi tree,Citrus limetta,19.29207618,76.47932097,28,14,2_5,11,Good,Ward 11,Akshay Hake,Private,Good,Yes
5040,11,W111709470140564-baw6S,Mosambi tree,Citrus limetta,19.29208568,76.47932332,24,13,2_5,10,Good,Ward 11,Akshay Hake,Private,Good,Yes
5041,11,W111709470140944-baw6S,Mosambi tree,Citrus limetta,19.29209296,76.47932164,25,15,2_5,12,Good,Ward 11,Akshay Hake,Private,Good,Yes
5042,11,W111709470141303-baw6S,Mosambi tree,Citrus limetta,19.2920996,76.47932298,27,13,2_5,10,Good,Ward 11,Akshay Hake,Private,Good,Yes
5043,11,W111709470141651-baw6S,Mosambi tree,Citrus limetta,19.29211099,76.47932533,26,17,2_5,13,Good,Ward 11,Akshay Hake,Private,Good,Yes
5044,11,W111709470141977-baw6S,Mosambi tree,Citrus limetta,19.29211859,76.47933137,25,16,2_5,13,Good,Ward 11,Akshay Hake,Private,Good,Yes
5045,11,W111709470142315-baw6S,Mosambi tree,Citrus limetta,19.29212523,76.4793317,29,15,2_5,12,Good,Ward 11,Akshay Hake,Private,Good,Yes
5046,11,W111709470142664-baw6S,Mosambi tree,Citrus limetta,19.29213631,76.4793374,29,15,2_5,12,Good,Ward 11,Akshay Hake,Private,Good,Yes
5047,11,W111709470142986-baw6S,Mosambi tree,Citrus limetta,19.29214928,76.47934109,21,12,2_5,9,Good,Ward 11,Akshay Hake,Private,Good,Yes
5048,11,W111709470144028-baw6S,Mosambi tree,Citrus limetta,19.29217587,76.47934545,24,14,2_5,11,Good,Ward 11,Akshay Hake,Private,Good,Yes
5049,11,W111709470144480-baw6S,Mosambi tree,Citrus limetta,19.29216764,76.4793421,26,17,2_5,13,Good,Ward 11,Akshay Hake,Private,Good,Yes
5050,11,W111709470144880-baw6S,Mosambi tree,Citrus limetta,19.29218536,76.47934545,24,12,2_5,9,Good,Ward 11,Akshay Hake,Private,Good,Yes
5051,11,W111709470145229-baw6S,Mosambi tree,Citrus limetta,19.29218852,76.47934679,25,17,2_5,13,Good,Ward 11,Akshay Hake,Private,Good,Yes
5052,11,W111709470145597-baw6S,Mosambi tree,Citrus limetta,19.29219928,76.47935316,30,17,2_5,13,Good,Ward 11,Akshay Hake,Private,Good,Yes
5053,11,W111709470145967-baw6S,Mosambi tree,Citrus limetta,19.29220783,76.47935215,28,16,2_5,13,Good,Ward 11,Akshay Hake,Private,Good,Yes
5054,11,W111709470146325-baw6S,Mosambi tree,Citrus limetta,19.29221764,76.47935383,24,11,2_5,9,Good,Ward 11,Akshay Hake,Private,Good,Yes
5055,11,W111709470146650-baw6S,Mosambi tree,Citrus limetta,19.29222491,76.47935919,30,11,2_5,9,Good,Ward 11,Akshay Hake,Private,Good,Yes
5056,11,W111709470147049-baw6S,Mosambi tree,Citrus limetta,19.29223852,76.47935987,21,15,2_5,12,Good,Ward 11,Akshay Hake,Private,Good,Yes
5057,11,W111709470147375-baw6S,Mosambi tree,Citrus limetta,19.29224422,76.47936724,23,16,2_5,13,Good,Ward 11,Akshay Hake,Private,Good,Yes
5058,11,W111709470147770-baw6S,Mosambi tree,Citrus limetta,19.29225371,76.47936959,30,13,2_5,10,Good,Ward 11,Akshay Hake,Private,Good,Yes
5059,11,W111709470148083-baw6S,Mosambi tree,Citrus limetta,19.29226669,76.47937261,22,16,2_5,13,Good,Ward 11,Akshay Hake,Private,Good,Yes
5060,11,W111709470149302-baw6S,Mosambi tree,Citrus limetta,19.29228694,76.47937797,24,11,2_5,9,Good,Ward 11,Akshay Hake,Private,Good,Yes
5061,11,W111709470149619-baw6S,Mosambi tree,Citrus limetta,19.29229105,76.47937596,27,13,2_5,10,Good,Ward 11,Akshay Hake,Private,Good,Yes
5062,11,W111709470151262-baw6S,Mosambi tree,Citrus limetta,19.29230909,76.47937965,28,13,2_5,10,Good,Ward 11,Akshay Hake,Private,Good,Yes
5063,11,W111709470152786-baw6S,Mosambi tree,Citrus limetta,19.29229738,76.47941552,21,17,2_5,13,Good,Ward 11,Akshay Hake,Private,Good,Yes
5064,11,W111709470153175-baw6S,Mosambi tree,Citrus limetta,19.2923132,76.47941485,20,17,2_5,13,Good,Ward 11,Akshay Hake,Private,Good,Yes
5065,11,W111709470154292-baw6S,Mosambi tree,Citrus limetta,19.29233504,76.47942189,26,17,2_5,13,Good,Ward 11,Akshay Hake,Private,Good,Yes
5066,11,W111709470154670-baw6S,Mosambi tree,Citrus limetta,19.29233314,76.47941586,28,13,2_5,10,Good,Ward 11,Akshay Hake,Private,Good,Yes
5067,11,W111709470154974-baw6S,Mosambi tree,Citrus limetta,19.29234833,76.47942457,29,16,2_5,13,Good,Ward 11,Akshay Hake,Private,Good,Yes
5068,11,W111709470155345-baw6S,Mosambi tree,Citrus limetta,19.29235498,76.4794229,20,17,2_5,13,Good,Ward 11,Akshay Hake,Private,Good,Yes
5069,11,W111709470155736-baw6S,Mosambi tree,Citrus limetta,19.29236605,76.47942189,28,14,2_5,11,Good,Ward 11,Akshay Hake,Private,Good,Yes
5070,11,W111709470156081-baw6S,Mosambi tree,Citrus limetta,19.29237586,76.47942625,22,15,2_5,12,Good,Ward 11,Akshay Hake,Private,Good,Yes
5071,11,W111709470156439-baw6S,Mosambi tree,Citrus limetta,19.29238947,76.47943363,22,11,2_5,9,Good,Ward 11,Akshay Hake,Private,Good,Yes
5072,11,W111709470156788-baw6S,Mosambi tree,Citrus limetta,19.29240181,76.47943195,27,11,2_5,9,Good,Ward 11,Akshay Hake,Private,Good,Yes
5073,11,W111709470160965-baw6S,Mosambi tree,Citrus limetta,19.29242744,76.47943228,23,15,2_5,12,Good,Ward 11,Akshay Hake,Private,Good,Yes
5074,11,W111709470161628-baw6S,Mosambi tree,Citrus limetta,19.29243567,76.47943966,21,17,2_5,13,Good,Ward 11,Akshay Hake,Private,Good,Yes
5075,11,W111709470162039-baw6S,Mosambi tree,Citrus limetta,19.29243947,76.47944134,27,17,2_5,13,Good,Ward 11,Akshay Hake,Private,Good,Yes
5076,11,W111709470162379-baw6S,Mosambi tree,Citrus limetta,19.29245149,76.4794467,25,16,2_5,13,Good,Ward 11,Akshay Hake,Private,Good,Yes
5077,11,W111709470162733-baw6S,Mosambi tree,Citrus limetta,19.29246257,76.4794514,24,15,2_5,12,Good,Ward 11,Akshay Hake,Private,Good,Yes
5078,11,W111709470163113-baw6S,Mosambi tree,Citrus limetta,19.29247016,76.47944503,21,14,2_5,11,Good,Ward 11,Akshay Hake,Private,Good,Yes
5079,11,W111709470163440-baw6S,Mosambi tree,Citrus limetta,19.29248219,76.47944938,21,15,2_5,12,Good,Ward 11,Akshay Hake,Private,Good,Yes
5080,11,W111709470163827-baw6S,Mosambi tree,Citrus limetta,19.2924939,76.47945173,23,13,2_5,10,Good,Ward 11,Akshay Hake,Private,Good,Yes
5081,11,W111709470164154-baw6S,Mosambi tree,Citrus limetta,19.29250687,76.47945743,24,13,2_5,10,Good,Ward 11,Akshay Hake,Private,Good,Yes
5082,11,W111709470164523-baw6S,Mosambi tree,Citrus limetta,19.2925132,76.47945676,28,14,2_5,11,Good,Ward 11,Akshay Hake,Private,Good,Yes
5083,11,W111709470164828-baw6S,Mosambi tree,Citrus limetta,19.29252807,76.47946279,20,17,2_5,13,Good,Ward 11,Akshay Hake,Private,Good,Yes
5084,11,W111709470165188-baw6S,Mosambi tree,Citrus limetta,19.2925401,76.47946849,20,14,2_5,11,Good,Ward 11,Akshay Hake,Private,Good,Yes
5085,11,W111709470165534-baw6S,Mosambi tree,Citrus limetta,19.29254959,76.47947285,25,13,2_5,10,Good,Ward 11,Akshay Hake,Private,Good,Yes
5086,11,W111709470165851-baw6S,Mosambi tree,Citrus limetta,19.29256098,76.47947486,27,13,2_5,10,Good,Ward 11,Akshay Hake,Private,Good,Yes
5087,11,W111709470166786-baw6S,Mosambi tree,Citrus limetta,19.29258851,76.47947721,29,15,2_5,12,Good,Ward 11,Akshay Hake,Private,Good,Yes
5088,11,W111709470167093-baw6S,Mosambi tree,Citrus limetta,19.29258788,76.47947621,23,15,2_5,12,Good,Ward 11,Akshay Hake,Private,Good,Yes
5089,11,W111709470167439-baw6S,Mosambi tree,Citrus limetta,19.29259453,76.47947486,22,12,2_5,9,Good,Ward 11,Akshay Hake,Private,Good,Yes
5090,11,W111709470167777-baw6S,Mosambi tree,Citrus limetta,19.29260402,76.47947688,30,12,2_5,9,Good,Ward 11,Akshay Hake,Private,Good,Yes
5091,11,W111709470168105-baw6S,Mosambi tree,Citrus limetta,19.29260592,76.47948157,30,15,2_5,12,Good,Ward 11,Akshay Hake,Private,Good,Yes
5092,11,W111709470168412-baw6S,Mosambi tree,Citrus limetta,19.29261668,76.47948761,20,15,2_5,12,Good,Ward 11,Akshay Hake,Private,Good,Yes
5093,11,W111709470168747-baw6S,Mosambi tree,Citrus limetta,19.29262269,76.47948727,24,17,2_5,13,Good,Ward 11,Akshay Hake,Private,Good,Yes
5094,11,W111709470169064-baw6S,Mosambi tree,Citrus limetta,19.2926325,76.47948861,21,12,2_5,9,Good,Ward 11,Akshay Hake,Private,Good,Yes
5095,11,W111709470169378-baw6S,Mosambi tree,Citrus limetta,19.29264104,76.47949096,26,12,2_5,9,Good,Ward 11,Akshay Hake,Private,Good,Yes
5096,11,W111709470170273-baw6S,Mosambi tree,Citrus limetta,19.29265908,76.47948593,21,13,2_5,10,Good,Ward 11,Akshay Hake,Private,Good,Yes
5097,11,W111709470194495-baw6S,Neem Tree,Azadirachta indica,19.29221795,76.47952147,61,19,10_50,15,Good,Ward 11,Akshay Hake,Private,Good,Yes
5098,11,W111709470228151-baw6S,Neem Tree,Azadirachta indica,19.29369513,76.47921771,67,25,10_50,19,Good,Ward 11,Akshay Hake,Private,Good,Yes
5099,11,W111709470228801-baw6S,Neem Tree,Azadirachta indica,19.29369893,76.47929884,56,29,10_50,23,Good,Ward 11,Akshay Hake,Private,Good,Yes
5100,11,W111709470465060-baw6S,Mosambi tree,Citrus limetta,19.29175151,76.47921905,22,14,2_5,11,Good,Ward 11,Akshay Hake,Private,Good,Yes
5101,11,W111709470468647-baw6S,Mosambi tree,Citrus limetta,19.29182271,76.47922475,30,13,2_5,10,Good,Ward 11,Akshay Hake,Private,Good,Yes
5102,11,W111709470469431-baw6S,Mosambi tree,Citrus limetta,19.29183157,76.47922441,30,12,2_5,9,Good,Ward 11,Akshay Hake,Private,Good,Yes
5103,11,W111709470470074-baw6S,Mosambi tree,Citrus limetta,19.29184169,76.47922743,21,11,2_5,9,Good,Ward 11,Akshay Hake,Private,Good,Yes
5104,11,W111709470470469-baw6S,Mosambi tree,Citrus limetta,19.29184233,76.47922575,28,12,2_5,9,Good,Ward 11,Akshay Hake,Private,Good,Yes
5105,11,W111709470470787-baw6S,Mosambi tree,Citrus limetta,19.29185499,76.47923112,20,13,2_5,10,Good,Ward 11,Akshay Hake,Private,Good,Yes
5106,11,W111709470472530-baw6S,Mosambi tree,Citrus limetta,19.29186954,76.47923179,25,15,2_5,12,Good,Ward 11,Akshay Hake,Private,Good,Yes
5107,11,W111709470472919-baw6S,Mosambi tree,Citrus limetta,19.29186828,76.47922944,26,16,2_5,13,Good,Ward 11,Akshay Hake,Private,Good,Yes
5108,11,W111709470473309-baw6S,Mosambi tree,Citrus limetta,19.29187967,76.47922877,30,14,2_5,11,Good,Ward 11,Akshay Hake,Private,Good,Yes
5109,11,W111709470473647-baw6S,Mosambi tree,Citrus limetta,19.29188505,76.4792328,23,13,2_5,10,Good,Ward 11,Akshay Hake,Private,Good,Yes
5110,11,W111709470473995-baw6S,Mosambi tree,Citrus limetta,19.29188663,76.47923347,30,12,2_5,9,Good,Ward 11,Akshay Hake,Private,Good,Yes
5111,11,W111709470474329-baw6S,Mosambi tree,Citrus limetta,19.29189106,76.47923548,21,13,2_5,10,Good,Ward 11,Akshay Hake,Private,Good,Yes
5112,11,W111709470474634-baw6S,Mosambi tree,Citrus limetta,19.2919015,76.47923682,28,13,2_5,10,Good,Ward 11,Akshay Hake,Private,Good,Yes
5113,11,W111709470474991-baw6S,Mosambi tree,Citrus limetta,19.29190593,76.47923715,26,13,2_5,10,Good,Ward 11,Akshay Hake,Private,Good,Yes
5114,11,W111709470475949-baw6S,Mosambi tree,Citrus limetta,19.29192207,76.47924419,28,16,2_5,13,Good,Ward 11,Akshay Hake,Private,Good,Yes
5115,11,W111709470476357-baw6S,Mosambi tree,Citrus limetta,19.29192619,76.47924151,27,15,2_5,12,Good,Ward 11,Akshay Hake,Private,Good,Yes
5116,11,W111709470476738-baw6S,Mosambi tree,Citrus limetta,19.29193378,76.47924621,21,17,2_5,13,Good,Ward 11,Akshay Hake,Private,Good,Yes
5117,11,W111709470477085-baw6S,Mosambi tree,Citrus limetta,19.29193979,76.47924989,22,15,2_5,12,Good,Ward 11,Akshay Hake,Private,Good,Yes
5118,11,W111709470477420-baw6S,Mosambi tree,Citrus limetta,19.29194264,76.47924788,29,15,2_5,12,Good,Ward 11,Akshay Hake,Private,Good,Yes
5119,11,W111709470477725-baw6S,Mosambi tree,Citrus limetta,19.2919534,76.47925023,30,15,2_5,12,Good,Ward 11,Akshay Hake,Private,Good,Yes
5120,11,W111709470478083-baw6S,Mosambi tree,Citrus limetta,19.29196163,76.47925291,28,14,2_5,11,Good,Ward 11,Akshay Hake,Private,Good,Yes
5121,11,W111709470478409-baw6S,Mosambi tree,Citrus limetta,19.29196574,76.47925023,20,17,2_5,13,Good,Ward 11,Akshay Hake,Private,Good,Yes
5122,11,W111709470478713-baw6S,Mosambi tree,Citrus limetta,19.2919727,76.47925124,26,17,2_5,13,Good,Ward 11,Akshay Hake,Private,Good,Yes
5123,11,W111709470479052-baw6S,Mosambi tree,Citrus limetta,19.29198283,76.47925559,28,13,2_5,10,Good,Ward 11,Akshay Hake,Private,Good,Yes
5124,11,W111709470480007-baw6S,Mosambi tree,Citrus limetta,19.29199929,76.47925559,29,11,2_5,9,Good,Ward 11,Akshay Hake,Private,Good,Yes
5125,11,W111709470483416-baw6S,Mosambi tree,Citrus limetta,19.29203315,76.47926431,30,13,2_5,10,Good,Ward 11,Akshay Hake,Private,Good,Yes
5126,11,W111709470484464-baw6S,Mosambi tree,Citrus limetta,19.29204802,76.47927102,30,11,2_5,9,Good,Ward 11,Akshay Hake,Private,Good,Yes
5127,11,W111709470485356-baw6S,Mosambi tree,Citrus limetta,19.29205973,76.4792737,25,14,2_5,11,Good,Ward 11,Akshay Hake,Private,Good,Yes
5128,11,W111709470486105-baw6S,Mosambi tree,Citrus limetta,19.2920708,76.47927571,23,12,2_5,9,Good,Ward 11,Akshay Hake,Private,Good,Yes
5129,11,W111709470486801-baw6S,Mosambi tree,Citrus limetta,19.29206985,76.47927538,21,17,2_5,13,Good,Ward 11,Akshay Hake,Private,Good,Yes
5130,11,W111709470487506-baw6S,Mosambi tree,Citrus limetta,19.29208631,76.47927471,20,14,2_5,11,Good,Ward 11,Akshay Hake,Private,Good,Yes
5131,11,W111709470488209-baw6S,Mosambi tree,Citrus limetta,19.29209169,76.47927638,25,14,2_5,11,Good,Ward 11,Akshay Hake,Private,Good,Yes
5132,11,W111709470488842-baw6S,Mosambi tree,Citrus limetta,19.29210277,76.47927504,26,15,2_5,12,Good,Ward 11,Akshay Hake,Private,Good,Yes
5133,11,W111709470489367-baw6S,Mosambi tree,Citrus limetta,19.29210783,76.47927705,20,17,2_5,13,Good,Ward 11,Akshay Hake,Private,Good,Yes
5134,11,W111709470489936-baw6S,Mosambi tree,Citrus limetta,19.29211859,76.4792737,20,14,2_5,11,Good,Ward 11,Akshay Hake,Private,Good,Yes
5135,11,W111709470490558-baw6S,Mosambi tree,Citrus limetta,19.2921246,76.47927538,23,12,2_5,9,Good,Ward 11,Akshay Hake,Private,Good,Yes
5136,11,W111709470491200-baw6S,Mosambi tree,Citrus limetta,19.29213346,76.47927202,29,16,2_5,13,Good,Ward 11,Akshay Hake,Private,Good,Yes
5137,11,W111709470491870-baw6S,Mosambi tree,Citrus limetta,19.29214359,76.47926968,24,13,2_5,10,Good,Ward 11,Akshay Hake,Private,Good,Yes
5138,11,W111709470494017-baw6S,Mosambi tree,Citrus limetta,19.29216068,76.47926901,21,12,2_5,9,Good,Ward 11,Akshay Hake,Private,Good,Yes
5139,11,W111709470494786-baw6S,Mosambi tree,Citrus limetta,19.2921689,76.47926766,20,14,2_5,11,Good,Ward 11,Akshay Hake,Private,Good,Yes
5140,11,W111709470495396-baw6S,Mosambi tree,Citrus limetta,19.2921803,76.47927035,29,14,2_5,11,Good,Ward 11,Akshay Hake,Private,Good,Yes
5141,11,W111709470495974-baw6S,Mosambi tree,Citrus limetta,19.29219042,76.47927605,21,15,2_5,12,Good,Ward 11,Akshay Hake,Private,Good,Yes
5142,11,W111709470496467-baw6S,Mosambi tree,Citrus limetta,19.29219992,76.4792851,22,15,2_5,12,Good,Ward 11,Akshay Hake,Private,Good,Yes
5143,11,W111709470496993-baw6S,Mosambi tree,Citrus limetta,19.29220561,76.47928979,22,14,2_5,11,Good,Ward 11,Akshay Hake,Private,Good,Yes
5144,11,W111709470497458-baw6S,Mosambi tree,Citrus limetta,19.29221416,76.47929717,25,14,2_5,11,Good,Ward 11,Akshay Hake,Private,Good,Yes
5145,11,W111709470497938-baw6S,Mosambi tree,Citrus limetta,19.29222333,76.47930086,28,17,2_5,13,Good,Ward 11,Akshay Hake,Private,Good,Yes
5146,11,W111709470498451-baw6S,Mosambi tree,Citrus limetta,19.2922284,76.47929952,23,14,2_5,11,Good,Ward 11,Akshay Hake,Private,Good,Yes
5147,11,W111709470498950-baw6S,Mosambi tree,Citrus limetta,19.29224264,76.47930756,29,14,2_5,11,Good,Ward 11,Akshay Hake,Private,Good,Yes
5148,11,W111709470499475-baw6S,Mosambi tree,Citrus limetta,19.2922439,76.47930052,20,17,2_5,13,Good,Ward 11,Akshay Hake,Private,Good,Yes
5149,11,W111709470499905-baw6S,Mosambi tree,Citrus limetta,19.29225909,76.47930387,30,13,2_5,10,Good,Ward 11,Akshay Hake,Private,Good,Yes
5150,11,W111709470500410-baw6S,Mosambi tree,Citrus limetta,19.29225909,76.47929851,20,14,2_5,11,Good,Ward 11,Akshay Hake,Private,Good,Yes
5151,11,W111709470500830-baw6S,Mosambi tree,Citrus limetta,19.29226795,76.47929449,22,14,2_5,11,Good,Ward 11,Akshay Hake,Private,Good,Yes
5152,11,W111709470501241-baw6S,Mosambi tree,Citrus limetta,19.2922746,76.4792908,22,11,2_5,9,Good,Ward 11,Akshay Hake,Private,Good,Yes
5153,11,W111709470501705-baw6S,Mosambi tree,Citrus limetta,19.29228156,76.4792861,23,13,2_5,10,Good,Ward 11,Akshay Hake,Private,Good,Yes
5154,11,W111709470502157-baw6S,Mosambi tree,Citrus limetta,19.29227839,76.47927873,26,14,2_5,11,Good,Ward 11,Akshay Hake,Private,Good,Yes
5155,11,W111709470502609-baw6S,Mosambi tree,Citrus limetta,19.29227903,76.47927135,23,17,2_5,13,Good,Ward 11,Akshay Hake,Private,Good,Yes
5156,11,W111709470503029-baw6S,Mosambi tree,Citrus limetta,19.29227428,76.47926297,26,17,2_5,13,Good,Ward 11,Akshay Hake,Private,Good,Yes
5157,11,W111709470518018-baw6S,Mosambi tree,Citrus limetta,19.29230308,76.47929013,29,14,2_5,11,Good,Ward 11,Akshay Hake,Private,Good,Yes
5158,11,W111709470530954-baw6S,Mosambi tree,Citrus limetta,19.29233536,76.47938065,28,13,2_5,10,Good,Ward 11,Akshay Hake,Private,Good,Yes
5159,11,W111709470531691-baw6S,Mosambi tree,Citrus limetta,19.2923439,76.47937629,24,17,2_5,13,Good,Ward 11,Akshay Hake,Private,Good,Yes
5160,11,W111709470532205-baw6S,Mosambi tree,Citrus limetta,19.29235213,76.47937763,22,14,2_5,11,Good,Ward 11,Akshay Hake,Private,Good,Yes
5161,11,W111709470532661-baw6S,Mosambi tree,Citrus limetta,19.29235719,76.47937965,29,13,2_5,10,Good,Ward 11,Akshay Hake,Private,Good,Yes
5162,11,W111709470533077-baw6S,Mosambi tree,Citrus limetta,19.29237238,76.47937998,30,14,2_5,11,Good,Ward 11,Akshay Hake,Private,Good,Yes
5163,11,W111709470533467-baw6S,Mosambi tree,Citrus limetta,19.29237903,76.47937797,30,13,2_5,10,Good,Ward 11,Akshay Hake,Private,Good,Yes
5164,11,W111709470533857-baw6S,Mosambi tree,Citrus limetta,19.29238852,76.47938132,23,14,2_5,11,Good,Ward 11,Akshay Hake,Private,Good,Yes
5165,11,W111709470534236-baw6S,Mosambi tree,Citrus limetta,19.29239548,76.47938635,30,11,2_5,9,Good,Ward 11,Akshay Hake,Private,Good,Yes
5166,11,W111709470534605-baw6S,Mosambi tree,Citrus limetta,19.29240814,76.47938836,24,15,2_5,12,Good,Ward 11,Akshay Hake,Private,Good,Yes
5167,11,W111709470534973-baw6S,Mosambi tree,Citrus limetta,19.29241826,76.47938803,30,14,2_5,11,Good,Ward 11,Akshay Hake,Private,Good,Yes
5168,11,W111709470535341-baw6S,Mosambi tree,Citrus limetta,19.29243092,76.47939038,22,16,2_5,13,Good,Ward 11,Akshay Hake,Private,Good,Yes
5169,11,W111709470535713-baw6S,Mosambi tree,Citrus limetta,19.29243599,76.47939406,20,15,2_5,12,Good,Ward 11,Akshay Hake,Private,Good,Yes
5170,11,W111709470536078-baw6S,Mosambi tree,Citrus limetta,19.29244864,76.47939641,29,13,2_5,10,Good,Ward 11,Akshay Hake,Private,Good,Yes
5171,11,W111709470536449-baw6S,Mosambi tree,Citrus limetta,19.2924613,76.47939708,28,17,2_5,13,Good,Ward 11,Akshay Hake,Private,Good,Yes
5172,11,W111709470536868-baw6S,Mosambi tree,Citrus limetta,19.29247174,76.47939608,28,13,2_5,10,Good,Ward 11,Akshay Hake,Private,Good,Yes
5173,11,W111709470537236-baw6S,Mosambi tree,Citrus limetta,19.29248155,76.47939909,29,15,2_5,12,Good,Ward 11,Akshay Hake,Private,Good,Yes
5174,11,W111709470537605-baw6S,Mosambi tree,Citrus limetta,19.29249105,76.47939943,22,15,2_5,12,Good,Ward 11,Akshay Hake,Private,Good,Yes
5175,11,W111709470537994-baw6S,Mosambi tree,Citrus limetta,19.29250244,76.4793954,20,13,2_5,10,Good,Ward 11,Akshay Hake,Private,Good,Yes
5176,11,W111709470538352-baw6S,Mosambi tree,Citrus limetta,19.29251193,76.47939473,27,14,2_5,11,Good,Ward 11,Akshay Hake,Private,Good,Yes
5177,11,W111709470538753-baw6S,Mosambi tree,Citrus limetta,19.29252143,76.47939406,24,14,2_5,11,Good,Ward 11,Akshay Hake,Private,Good,Yes
5178,11,W111709470539130-baw6S,Mosambi tree,Citrus limetta,19.29253219,76.4793897,21,16,2_5,13,Good,Ward 11,Akshay Hake,Private,Good,Yes
5179,11,W111709470539511-baw6S,Mosambi tree,Citrus limetta,19.29253567,76.47938434,27,13,2_5,10,Good,Ward 11,Akshay Hake,Private,Good,Yes
5180,11,W111709470539890-baw6S,Mosambi tree,Citrus limetta,19.29253567,76.47936456,30,11,2_5,9,Good,Ward 11,Akshay Hake,Private,Good,Yes
5181,11,W111709470540227-baw6S,Mosambi tree,Citrus limetta,19.29254073,76.47935584,24,15,2_5,12,Good,Ward 11,Akshay Hake,Private,Good,Yes
5182,11,W111709470540593-baw6S,Mosambi tree,Citrus limetta,19.29253883,76.47934679,22,16,2_5,13,Good,Ward 11,Akshay Hake,Private,Good,Yes
5183,11,W111709470540908-baw6S,Mosambi tree,Citrus limetta,19.2925363,76.47933304,30,12,2_5,9,Good,Ward 11,Akshay Hake,Private,Good,Yes
5184,11,W111709470541278-baw6S,Mosambi tree,Citrus limetta,19.2925363,76.47932265,30,16,2_5,13,Good,Ward 11,Akshay Hake,Private,Good,Yes
5185,11,W111709470541623-baw6S,Mosambi tree,Citrus limetta,19.29253409,76.4793089,26,15,2_5,12,Good,Ward 11,Akshay Hake,Private,Good,Yes
5186,11,W111709470542055-baw6S,Mosambi tree,Citrus limetta,19.29251035,76.47927873,30,16,2_5,13,Good,Ward 11,Akshay Hake,Private,Good,Yes
5187,11,W111709470544710-baw6S,Mosambi tree,Citrus limetta,19.29226321,76.47934143,28,15,2_5,12,Good,Ward 11,Akshay Hake,Private,Good,Yes
5188,11,W111709470545569-baw6S,Mosambi tree,Citrus limetta,19.29227491,76.47933505,26,13,2_5,10,Good,Ward 11,Akshay Hake,Private,Good,Yes
5189,11,W111709470546083-baw6S,Mosambi tree,Citrus limetta,19.29228662,76.47933371,24,15,2_5,12,Good,Ward 11,Akshay Hake,Private,Good,Yes
5190,11,W111709470546505-baw6S,Mosambi tree,Citrus limetta,19.29229042,76.47933371,23,17,2_5,13,Good,Ward 11,Akshay Hake,Private,Good,Yes
5191,11,W111709470546862-baw6S,Mosambi tree,Citrus limetta,19.29230244,76.47932734,20,17,2_5,13,Good,Ward 11,Akshay Hake,Private,Good,Yes
5192,11,W111709470547230-baw6S,Mosambi tree,Citrus limetta,19.29231162,76.47932835,22,17,2_5,13,Good,Ward 11,Akshay Hake,Private,Good,Yes
5193,11,W111709470547639-baw6S,Mosambi tree,Citrus limetta,19.29231858,76.47932701,30,17,2_5,13,Good,Ward 11,Akshay Hake,Private,Good,Yes
5194,11,W111709470547997-baw6S,Mosambi tree,Citrus limetta,19.29233029,76.47932801,22,14,2_5,11,Good,Ward 11,Akshay Hake,Private,Good,Yes
5195,11,W111709470548368-baw6S,Mosambi tree,Citrus limetta,19.29234358,76.47932801,23,15,2_5,12,Good,Ward 11,Akshay Hake,Private,Good,Yes
5196,11,W111709470548735-baw6S,Mosambi tree,Citrus limetta,19.29235086,76.47932936,22,13,2_5,10,Good,Ward 11,Akshay Hake,Private,Good,Yes
5197,11,W111709470549083-baw6S,Mosambi tree,Citrus limetta,19.29235941,76.47933271,24,14,2_5,11,Good,Ward 11,Akshay Hake,Private,Good,Yes
5198,11,W111709470549430-baw6S,Mosambi tree,Citrus limetta,19.29236637,76.47933505,20,14,2_5,11,Good,Ward 11,Akshay Hake,Private,Good,Yes
5199,11,W111709470549778-baw6S,Mosambi tree,Citrus limetta,19.29237523,76.47933472,24,16,2_5,13,Good,Ward 11,Akshay Hake,Private,Good,Yes
5200,11,W111709470550135-baw6S,Mosambi tree,Citrus limetta,19.29238535,76.47933606,21,12,2_5,9,Good,Ward 11,Akshay Hake,Private,Good,Yes
5201,11,W111709470550493-baw6S,Mosambi tree,Citrus limetta,19.29239453,76.47933841,24,15,2_5,12,Good,Ward 11,Akshay Hake,Private,Good,Yes
5202,11,W111709470551493-baw6S,Mosambi tree,Citrus limetta,19.29241478,76.47933941,26,16,2_5,13,Good,Ward 11,Akshay Hake,Private,Good,Yes
5203,11,W111709470551959-baw6S,Mosambi tree,Citrus limetta,19.29240719,76.47933707,20,11,2_5,9,Good,Ward 11,Akshay Hake,Private,Good,Yes
5204,11,W111709470552325-baw6S,Mosambi tree,Citrus limetta,19.29241795,76.47933707,24,12,2_5,9,Good,Ward 11,Akshay Hake,Private,Good,Yes
5205,11,W111709470552694-baw6S,Mosambi tree,Citrus limetta,19.29242491,76.47933573,26,15,2_5,12,Good,Ward 11,Akshay Hake,Private,Good,Yes
5206,11,W111709470552999-baw6S,Mosambi tree,Citrus limetta,19.29243029,76.47933673,29,14,2_5,11,Good,Ward 11,Akshay Hake,Private,Good,Yes
5207,11,W111709470553344-baw6S,Mosambi tree,Citrus limetta,19.2924382,76.47933405,20,15,2_5,12,Good,Ward 11,Akshay Hake,Private,Good,Yes
5208,11,W111709470554305-baw6S,Mosambi tree,Citrus limetta,19.29245592,76.47933908,25,16,2_5,13,Good,Ward 11,Akshay Hake,Private,Good,Yes
5209,11,W111709470554684-baw6S,Mosambi tree,Citrus limetta,19.29245561,76.47934109,24,16,2_5,13,Good,Ward 11,Akshay Hake,Private,Good,Yes
5210,11,W111709470555641-baw6S,Mosambi tree,Citrus limetta,19.29247586,76.47934344,21,15,2_5,12,Good,Ward 11,Akshay Hake,Private,Good,Yes
5211,11,W111709470558189-baw6S,Mosambi tree,Citrus limetta,19.29248883,76.47933841,29,17,2_5,13,Good,Ward 11,Akshay Hake,Private,Good,Yes
5212,11,W111709470559028-baw6S,Mosambi tree,Citrus limetta,19.29249738,76.47933204,24,15,2_5,12,Good,Ward 11,Akshay Hake,Private,Good,Yes
5213,11,W111709470559471-baw6S,Mosambi tree,Citrus limetta,19.29250339,76.47933304,22,13,2_5,10,Good,Ward 11,Akshay Hake,Private,Good,Yes
5214,11,W111709470559839-baw6S,Mosambi tree,Citrus limetta,19.29249991,76.47932768,29,12,2_5,9,Good,Ward 11,Akshay Hake,Private,Good,Yes
5215,11,W111709470560185-baw6S,Mosambi tree,Citrus limetta,19.29249738,76.47932231,20,17,2_5,13,Good,Ward 11,Akshay Hake,Private,Good,Yes
5216,11,W111709470560559-baw6S,Mosambi tree,Citrus limetta,19.292492,76.47930924,24,15,2_5,12,Good,Ward 11,Akshay Hake,Private,Good,Yes
5217,11,W111709470560893-baw6S,Mosambi tree,Citrus limetta,19.29248598,76.4793032,30,14,2_5,11,Good,Ward 11,Akshay Hake,Private,Good,Yes
5218,11,W111709470561248-baw6S,Mosambi tree,Citrus limetta,19.29248124,76.4792918,27,15,2_5,12,Good,Ward 11,Akshay Hake,Private,Good,Yes
5219,11,W111709470562703-baw6S,Mosambi tree,Citrus limetta,19.29256478,76.47929817,28,13,2_5,10,Good,Ward 11,Akshay Hake,Private,Good,Yes
5220,11,W111709470575887-baw6S,Mosambi tree,Citrus limetta,19.29232396,76.47928879,30,16,2_5,13,Good,Ward 11,Akshay Hake,Private,Good,Yes
5221,11,W111709470576675-baw6S,Mosambi tree,Citrus limetta,19.29233409,76.47928778,24,16,2_5,13,Good,Ward 11,Akshay Hake,Private,Good,Yes
5222,11,W111709470577126-baw6S,Mosambi tree,Citrus limetta,19.29234327,76.47928812,23,16,2_5,13,Good,Ward 11,Akshay Hake,Private,Good,Yes
5223,11,W111709470577495-baw6S,Mosambi tree,Citrus limetta,19.29235086,76.47928946,20,16,2_5,13,Good,Ward 11,Akshay Hake,Private,Good,Yes
5224,11,W111709470577885-baw6S,Mosambi tree,Citrus limetta,19.29235719,76.47928275,25,15,2_5,12,Good,Ward 11,Akshay Hake,Private,Good,Yes
5225,11,W111709470578241-baw6S,Mosambi tree,Citrus limetta,19.29236985,76.47928577,24,17,2_5,13,Good,Ward 11,Akshay Hake,Private,Good,Yes
5226,11,W111709470578645-baw6S,Mosambi tree,Citrus limetta,19.29237428,76.4792851,24,15,2_5,12,Good,Ward 11,Akshay Hake,Private,Good,Yes
5227,11,W111709470579092-baw6S,Mosambi tree,Citrus limetta,19.29238377,76.4792804,30,13,2_5,10,Good,Ward 11,Akshay Hake,Private,Good,Yes
5228,11,W111709470579748-baw6S,Mosambi tree,Citrus limetta,19.29239833,76.47924989,20,14,2_5,11,Good,Ward 11,Akshay Hake,Private,Good,Yes
5229,11,W111709470580167-baw6S,Mosambi tree,Citrus limetta,19.29242333,76.47925224,23,15,2_5,12,Good,Ward 11,Akshay Hake,Private,Good,Yes
5230,11,W111709470580555-baw6S,Mosambi tree,Citrus limetta,19.29243662,76.47925761,21,16,2_5,13,Good,Ward 11,Akshay Hake,Private,Good,Yes
5231,11,W111709470580989-baw6S,Mosambi tree,Citrus limetta,19.29244675,76.47925861,26,14,2_5,11,Good,Ward 11,Akshay Hake,Private,Good,Yes
5232,11,W111709470581367-baw6S,Mosambi tree,Citrus limetta,19.2924575,76.47925895,22,15,2_5,12,Good,Ward 11,Akshay Hake,Private,Good,Yes
5233,11,W111709470581759-baw6S,Mosambi tree,Citrus limetta,19.2924708,76.4792623,20,11,2_5,9,Good,Ward 11,Akshay Hake,Private,Good,Yes
5234,11,W111709470582127-baw6S,Mosambi tree,Citrus limetta,19.29247934,76.47926297,24,14,2_5,11,Good,Ward 11,Akshay Hake,Private,Good,Yes
5235,11,W111709470582504-baw6S,Mosambi tree,Citrus limetta,19.2924939,76.47926465,21,13,2_5,10,Good,Ward 11,Akshay Hake,Private,Good,Yes
5236,11,W111709470582923-baw6S,Mosambi tree,Citrus limetta,19.29249959,76.47926666,27,13,2_5,10,Good,Ward 11,Akshay Hake,Private,Good,Yes
5237,11,W111709470591289-baw6S,Mosambi tree,Citrus limetta,19.29173347,76.47917412,30,15,2_5,12,Good,Ward 11,Akshay Hake,Private,Good,Yes
5238,11,W111709470591875-baw6S,Mosambi tree,Citrus limetta,19.29174138,76.47917077,22,13,2_5,10,Good,Ward 11,Akshay Hake,Private,Good,Yes
5239,11,W111709470592340-baw6S,Mosambi tree,Citrus limetta,19.29174929,76.47917513,27,13,2_5,10,Good,Ward 11,Akshay Hake,Private,Good,Yes
5240,11,W111709470592686-baw6S,Mosambi tree,Citrus limetta,19.2917553,76.47917379,29,16,2_5,13,Good,Ward 11,Akshay Hake,Private,Good,Yes
5241,11,W111709470593075-baw6S,Mosambi tree,Citrus limetta,19.29176132,76.4791768,20,15,2_5,12,Good,Ward 11,Akshay Hake,Private,Good,Yes
5242,11,W111709470593400-baw6S,Mosambi tree,Citrus limetta,19.29176575,76.4791758,20,15,2_5,12,Good,Ward 11,Akshay Hake,Private,Good,Yes
5243,11,W111709470593781-baw6S,Mosambi tree,Citrus limetta,19.29177461,76.47917647,28,17,2_5,13,Good,Ward 11,Akshay Hake,Private,Good,Yes
5244,11,W111709470594106-baw6S,Mosambi tree,Citrus limetta,19.29178347,76.47918116,27,13,2_5,10,Good,Ward 11,Akshay Hake,Private,Good,Yes
5245,11,W111709470594433-baw6S,Mosambi tree,Citrus limetta,19.29178632,76.47917747,26,11,2_5,9,Good,Ward 11,Akshay Hake,Private,Good,Yes
5246,11,W111709470594759-baw6S,Mosambi tree,Citrus limetta,19.29179613,76.47917546,25,14,2_5,11,Good,Ward 11,Akshay Hake,Private,Good,Yes
5247,11,W111709470595074-baw6S,Mosambi tree,Citrus limetta,19.29180435,76.47917882,21,13,2_5,10,Good,Ward 11,Akshay Hake,Private,Good,Yes
5248,11,W111709470595412-baw6S,Mosambi tree,Citrus limetta,19.29181321,76.47917882,29,17,2_5,13,Good,Ward 11,Akshay Hake,Private,Good,Yes
5249,11,W111709470595716-baw6S,Mosambi tree,Citrus limetta,19.29182144,76.47918317,24,17,2_5,13,Good,Ward 11,Akshay Hake,Private,Good,Yes
5250,11,W111709470596020-baw6S,Mosambi tree,Citrus limetta,19.29183125,76.47917848,30,11,2_5,9,Good,Ward 11,Akshay Hake,Private,Good,Yes
5251,11,W111709470596360-baw6S,Mosambi tree,Citrus limetta,19.29184391,76.47918116,20,15,2_5,12,Good,Ward 11,Akshay Hake,Private,Good,Yes
5252,11,W111709470596673-baw6S,Mosambi tree,Citrus limetta,19.29185435,76.47918083,24,15,2_5,12,Good,Ward 11,Akshay Hake,Private,Good,Yes
5253,11,W111709470597601-baw6S,Mosambi tree,Citrus limetta,19.2918803,76.47917882,27,17,2_5,13,Good,Ward 11,Akshay Hake,Private,Good,Yes
5254,11,W111709470600294-baw6S,Mosambi tree,Citrus limetta,19.29194233,76.47919893,27,11,2_5,9,Good,Ward 11,Akshay Hake,Private,Good,Yes
5255,11,W111709470600849-baw6S,Mosambi tree,Citrus limetta,19.29195245,76.47920229,29,16,2_5,13,Good,Ward 11,Akshay Hake,Private,Good,Yes
5256,11,W111709470601208-baw6S,Mosambi tree,Citrus limetta,19.29196384,76.47919524,24,12,2_5,9,Good,Ward 11,Akshay Hake,Private,Good,Yes
5257,11,W111709470601597-baw6S,Mosambi tree,Citrus limetta,19.29197207,76.47919491,26,11,2_5,9,Good,Ward 11,Akshay Hake,Private,Good,Yes
5258,11,W111709470601936-baw6S,Mosambi tree,Citrus limetta,19.29198062,76.47919491,27,17,2_5,13,Good,Ward 11,Akshay Hake,Private,Good,Yes
5259,11,W111709470602259-baw6S,Mosambi tree,Citrus limetta,19.291986,76.47919089,21,11,2_5,9,Good,Ward 11,Akshay Hake,Private,Good,Yes
5260,11,W111709470602727-baw6S,Mosambi tree,Citrus limetta,19.29200467,76.47918485,29,14,2_5,11,Good,Ward 11,Akshay Hake,Private,Good,Yes
5261,11,W111709470603084-baw6S,Mosambi tree,Citrus limetta,19.29200941,76.47917949,20,12,2_5,9,Good,Ward 11,Akshay Hake,Private,Good,Yes
5262,11,W111709470603409-baw6S,Mosambi tree,Citrus limetta,19.29201606,76.47917882,20,17,2_5,13,Good,Ward 11,Akshay Hake,Private,Good,Yes
5263,11,W111709470603761-baw6S,Mosambi tree,Citrus limetta,19.29202587,76.47917278,29,15,2_5,12,Good,Ward 11,Akshay Hake,Private,Good,Yes
5264,11,W111709470604125-baw6S,Mosambi tree,Citrus limetta,19.29203663,76.47916239,22,15,2_5,12,Good,Ward 11,Akshay Hake,Private,Good,Yes
5265,11,W111709470604453-baw6S,Mosambi tree,Citrus limetta,19.29203916,76.47915132,23,15,2_5,12,Good,Ward 11,Akshay Hake,Private,Good,Yes
5266,11,W111709470606327-baw6S,Mosambi tree,Citrus limetta,19.29209612,76.47917446,25,16,2_5,13,Good,Ward 11,Akshay Hake,Private,Good,Yes
5267,11,W111709470607347-baw6S,Mosambi tree,Citrus limetta,19.29206732,76.47921067,28,14,2_5,11,Good,Ward 11,Akshay Hake,Private,Good,Yes
5268,11,W111709470607726-baw6S,Mosambi tree,Citrus limetta,19.29208821,76.47921368,29,14,2_5,11,Good,Ward 11,Akshay Hake,Private,Good,Yes
5269,11,W111709470608378-baw6S,Mosambi tree,Citrus limetta,19.2920958,76.47921301,22,15,2_5,12,Good,Ward 11,Akshay Hake,Private,Good,Yes
5270,11,W111709470608757-baw6S,Mosambi tree,Citrus limetta,19.29210182,76.479211,28,15,2_5,12,Good,Ward 11,Akshay Hake,Private,Good,Yes
5271,11,W111709470609104-baw6S,Mosambi tree,Citrus limetta,19.29211574,76.47921234,23,15,2_5,12,Good,Ward 11,Akshay Hake,Private,Good,Yes
5272,11,W111709470610127-baw6S,Mosambi tree,Citrus limetta,19.29214201,76.47920832,23,14,2_5,11,Good,Ward 11,Akshay Hake,Private,Good,Yes
5273,11,W111709470610934-baw6S,Mosambi tree,Citrus limetta,19.29214738,76.47920564,20,13,2_5,10,Good,Ward 11,Akshay Hake,Private,Good,Yes
5274,11,W111709470611292-baw6S,Mosambi tree,Citrus limetta,19.29215561,76.47920128,29,17,2_5,13,Good,Ward 11,Akshay Hake,Private,Good,Yes
5275,11,W111709470611607-baw6S,Mosambi tree,Citrus limetta,19.29216859,76.47919927,30,13,2_5,10,Good,Ward 11,Akshay Hake,Private,Good,Yes
5276,11,W111709470612624-baw6S,Mosambi tree,Citrus limetta,19.29218852,76.47918385,22,13,2_5,10,Good,Ward 11,Akshay Hake,Private,Good,Yes
5277,11,W111709470614380-baw6S,Mosambi tree,Citrus limetta,19.29225466,76.47920899,28,16,2_5,13,Good,Ward 11,Akshay Hake,Private,Good,Yes
5278,11,W111709470623825-baw6S,Mosambi tree,Citrus limetta,19.29216985,76.47922911,23,13,2_5,10,Good,Ward 11,Akshay Hake,Private,Good,Yes
5279,11,W111709470624644-baw6S,Mosambi tree,Citrus limetta,19.29217776,76.47922274,20,11,2_5,9,Good,Ward 11,Akshay Hake,Private,Good,Yes
5280,11,W111709470625110-baw6S,Mosambi tree,Citrus limetta,19.29218631,76.47922475,22,12,2_5,9,Good,Ward 11,Akshay Hake,Private,Good,Yes
5281,11,W111709470625555-baw6S,Mosambi tree,Citrus limetta,19.29218916,76.47922777,28,11,2_5,9,Good,Ward 11,Akshay Hake,Private,Good,Yes
5282,11,W111709470625900-baw6S,Mosambi tree,Citrus limetta,19.2921958,76.47923447,29,17,2_5,13,Good,Ward 11,Akshay Hake,Private,Good,Yes
5283,11,W111709470626268-baw6S,Mosambi tree,Citrus limetta,19.29220213,76.47923749,21,16,2_5,13,Good,Ward 11,Akshay Hake,Private,Good,Yes
5284,11,W111709470626605-baw6S,Mosambi tree,Citrus limetta,19.29220529,76.4792385,30,17,2_5,13,Good,Ward 11,Akshay Hake,Private,Good,Yes
5285,11,W111709470626941-baw6S,Mosambi tree,Citrus limetta,19.29221257,76.47923984,27,13,2_5,10,Good,Ward 11,Akshay Hake,Private,Good,Yes
5286,11,W111709470627279-baw6S,Mosambi tree,Citrus limetta,19.2922189,76.47924118,29,13,2_5,10,Good,Ward 11,Akshay Hake,Private,Good,Yes
5287,11,W111709470627604-baw6S,Mosambi tree,Citrus limetta,19.2922246,76.47924118,30,16,2_5,13,Good,Ward 11,Akshay Hake,Private,Good,Yes
5288,11,W111709470627910-baw6S,Mosambi tree,Citrus limetta,19.29222776,76.4792385,24,17,2_5,13,Good,Ward 11,Akshay Hake,Private,Good,Yes
5289,11,W111709470628289-baw6S,Mosambi tree,Citrus limetta,19.29224264,76.47923447,24,14,2_5,11,Good,Ward 11,Akshay Hake,Private,Good,Yes
5290,11,W111709470629268-baw6S,Mosambi tree,Citrus limetta,19.29225593,76.47923481,20,17,2_5,13,Good,Ward 11,Akshay Hake,Private,Good,Yes
5291,11,W111709470629755-baw6S,Mosambi tree,Citrus limetta,19.29225656,76.47923447,21,15,2_5,12,Good,Ward 11,Akshay Hake,Private,Good,Yes
5292,11,W111709470631088-baw6S,Mosambi tree,Citrus limetta,19.2922727,76.47923045,28,12,2_5,9,Good,Ward 11,Akshay Hake,Private,Good,Yes
5293,11,W111709470631476-baw6S,Mosambi tree,Citrus limetta,19.2922746,76.47923011,20,11,2_5,9,Good,Ward 11,Akshay Hake,Private,Good,Yes
5294,11,W111709470632477-baw6S,Mosambi tree,Citrus limetta,19.29229042,76.4792281,26,14,2_5,11,Good,Ward 11,Akshay Hake,Private,Good,Yes
5295,11,W111709470632814-baw6S,Mosambi tree,Citrus limetta,19.29229232,76.47922743,23,17,2_5,13,Good,Ward 11,Akshay Hake,Private,Good,Yes
5296,11,W111709470633196-baw6S,Mosambi tree,Citrus limetta,19.29229865,76.47922877,29,13,2_5,10,Good,Ward 11,Akshay Hake,Private,Good,Yes
5297,11,W111709470634089-baw6S,Mosambi tree,Citrus limetta,19.29231668,76.47923045,29,17,2_5,13,Good,Ward 11,Akshay Hake,Private,Good,Yes
5298,11,W111709470634412-baw6S,Mosambi tree,Citrus limetta,19.29231415,76.47923246,21,17,2_5,13,Good,Ward 11,Akshay Hake,Private,Good,Yes
5299,11,W111709470636898-baw6S,Mosambi tree,Citrus limetta,19.29233884,76.47925057,25,13,2_5,10,Good,Ward 11,Akshay Hake,Private,Good,Yes
5300,11,W111709470644061-baw6S,Mosambi tree,Citrus limetta,19.29173663,76.4791359,25,13,2_5,10,Good,Ward 11,Akshay Hake,Private,Good,Yes
5301,11,W111709470644850-baw6S,Mosambi tree,Citrus limetta,19.29174486,76.47912685,27,16,2_5,13,Good,Ward 11,Akshay Hake,Private,Good,Yes
5302,11,W111709470645367-baw6S,Mosambi tree,Citrus limetta,19.29175151,76.47913624,23,15,2_5,12,Good,Ward 11,Akshay Hake,Private,Good,Yes
5303,11,W111709470645859-baw6S,Mosambi tree,Citrus limetta,19.29175435,76.47913657,30,12,2_5,9,Good,Ward 11,Akshay Hake,Private,Good,Yes
5304,11,W111709470646279-baw6S,Mosambi tree,Citrus limetta,19.29176132,76.47913523,27,13,2_5,10,Good,Ward 11,Akshay Hake,Private,Good,Yes
5305,11,W111709470646691-baw6S,Mosambi tree,Citrus limetta,19.29177302,76.47913758,23,12,2_5,9,Good,Ward 11,Akshay Hake,Private,Good,Yes
5306,11,W111709470647068-baw6S,Mosambi tree,Citrus limetta,19.2917803,76.47913557,23,17,2_5,13,Good,Ward 11,Akshay Hake,Private,Good,Yes
5307,11,W111709470647467-baw6S,Mosambi tree,Citrus limetta,19.29179264,76.47913422,24,12,2_5,9,Good,Ward 11,Akshay Hake,Private,Good,Yes
5308,11,W111709470647825-baw6S,Mosambi tree,Citrus limetta,19.29180783,76.47913456,23,14,2_5,11,Good,Ward 11,Akshay Hake,Private,Good,Yes
5309,11,W111709470648247-baw6S,Mosambi tree,Citrus limetta,19.29181416,76.47912953,27,14,2_5,11,Good,Ward 11,Akshay Hake,Private,Good,Yes
5310,11,W111709470648584-baw6S,Mosambi tree,Citrus limetta,19.29182524,76.47913087,28,14,2_5,11,Good,Ward 11,Akshay Hake,Private,Good,Yes
5311,11,W111709470648983-baw6S,Mosambi tree,Citrus limetta,19.291836,76.47912819,20,15,2_5,12,Good,Ward 11,Akshay Hake,Private,Good,Yes
5312,11,W111709470649351-baw6S,Mosambi tree,Citrus limetta,19.29184961,76.47912316,21,17,2_5,13,Good,Ward 11,Akshay Hake,Private,Good,Yes
5313,11,W111709470649729-baw6S,Mosambi tree,Citrus limetta,19.291861,76.47912014,26,16,2_5,13,Good,Ward 11,Akshay Hake,Private,Good,Yes
5314,11,W111709470650079-baw6S,Mosambi tree,Citrus limetta,19.29186733,76.47912316,24,17,2_5,13,Good,Ward 11,Akshay Hake,Private,Good,Yes
5315,11,W111709470650467-baw6S,Mosambi tree,Citrus limetta,19.29188758,76.47912282,22,15,2_5,12,Good,Ward 11,Akshay Hake,Private,Good,Yes
5316,11,W111709470650815-baw6S,Mosambi tree,Citrus limetta,19.29189581,76.47912115,21,17,2_5,13,Good,Ward 11,Akshay Hake,Private,Good,Yes
5317,11,W111709470651163-baw6S,Mosambi tree,Citrus limetta,19.29190055,76.4791235,20,17,2_5,13,Good,Ward 11,Akshay Hake,Private,Good,Yes
5318,11,W111709470651499-baw6S,Mosambi tree,Citrus limetta,19.29191796,76.47912182,25,11,2_5,9,Good,Ward 11,Akshay Hake,Private,Good,Yes
5319,11,W111709470651879-baw6S,Mosambi tree,Citrus limetta,19.29192555,76.47911947,30,14,2_5,11,Good,Ward 11,Akshay Hake,Private,Good,Yes
5320,11,W111709470652216-baw6S,Mosambi tree,Citrus limetta,19.29193695,76.47912014,23,14,2_5,11,Good,Ward 11,Akshay Hake,Private,Good,Yes
5321,11,W111709470653186-baw6S,Mosambi tree,Citrus limetta,19.2919591,76.47911243,25,16,2_5,13,Good,Ward 11,Akshay Hake,Private,Good,Yes
5322,11,W111709470656000-baw6S,Mosambi tree,Citrus limetta,19.29203726,76.4791131,29,12,2_5,9,Good,Ward 11,Akshay Hake,Private,Good,Yes
5323,11,W111709470656703-baw6S,Mosambi tree,Citrus limetta,19.2920496,76.47910841,24,17,2_5,13,Good,Ward 11,Akshay Hake,Private,Good,Yes
5324,11,W111709470657082-baw6S,Mosambi tree,Citrus limetta,19.29205846,76.47910807,26,12,2_5,9,Good,Ward 11,Akshay Hake,Private,Good,Yes
5325,11,W111709470657452-baw6S,Mosambi tree,Citrus limetta,19.29206732,76.47910673,29,14,2_5,11,Good,Ward 11,Akshay Hake,Private,Good,Yes
5326,11,W111709470657829-baw6S,Mosambi tree,Citrus limetta,19.29207808,76.47910338,23,14,2_5,11,Good,Ward 11,Akshay Hake,Private,Good,Yes
5327,11,W111709470658198-baw6S,Mosambi tree,Citrus limetta,19.29208599,76.47910271,30,17,2_5,13,Good,Ward 11,Akshay Hake,Private,Good,Yes
5328,11,W111709470658525-baw6S,Mosambi tree,Citrus limetta,19.29209707,76.47909902,21,17,2_5,13,Good,Ward 11,Akshay Hake,Private,Good,Yes
5329,11,W111709470658923-baw6S,Mosambi tree,Citrus limetta,19.29211258,76.4790893,22,17,2_5,13,Good,Ward 11,Akshay Hake,Private,Good,Yes
5330,11,W111709470659292-baw6S,Mosambi tree,Citrus limetta,19.29212555,76.47909097,27,17,2_5,13,Good,Ward 11,Akshay Hake,Private,Good,Yes
5331,11,W111709470659703-baw6S,Mosambi tree,Citrus limetta,19.29214169,76.47908796,28,12,2_5,9,Good,Ward 11,Akshay Hake,Private,Good,Yes
5332,11,W111709470660019-baw6S,Mosambi tree,Citrus limetta,19.29215846,76.47909064,22,15,2_5,12,Good,Ward 11,Akshay Hake,Private,Good,Yes
5333,11,W111709470660396-baw6S,Mosambi tree,Citrus limetta,19.29216606,76.47909097,20,15,2_5,12,Good,Ward 11,Akshay Hake,Private,Good,Yes
5334,11,W111709470660734-baw6S,Mosambi tree,Citrus limetta,19.29218283,76.47909332,20,14,2_5,11,Good,Ward 11,Akshay Hake,Private,Good,Yes
5335,11,W111709470661060-baw6S,Mosambi tree,Citrus limetta,19.29219137,76.47908729,26,13,2_5,10,Good,Ward 11,Akshay Hake,Private,Good,Yes
5336,11,W111709470661368-baw6S,Mosambi tree,Citrus limetta,19.29220118,76.47908561,30,11,2_5,9,Good,Ward 11,Akshay Hake,Private,Good,Yes
5337,11,W111709470661702-baw6S,Mosambi tree,Citrus limetta,19.29220466,76.47907488,27,15,2_5,12,Good,Ward 11,Akshay Hake,Private,Good,Yes
5338,11,W111709470663989-baw6S,Mosambi tree,Citrus limetta,19.29228631,76.47901587,27,17,2_5,13,Good,Ward 11,Akshay Hake,Private,Good,Yes
5339,11,W111709470665283-baw6S,Mosambi tree,Citrus limetta,19.29230466,76.47914562,25,13,2_5,10,Good,Ward 11,Akshay Hake,Private,Good,Yes
5340,11,W111709470668391-baw6S,Mosambi tree,Citrus limetta,19.29212017,76.47916205,27,15,2_5,12,Good,Ward 11,Akshay Hake,Private,Good,Yes
5341,11,W111709470669029-baw6S,Mosambi tree,Citrus limetta,19.29213473,76.47916004,20,12,2_5,9,Good,Ward 11,Akshay Hake,Private,Good,Yes
5342,11,W111709470669463-baw6S,Mosambi tree,Citrus limetta,19.29214137,76.47915702,27,14,2_5,11,Good,Ward 11,Akshay Hake,Private,Good,Yes
5343,11,W111709470669791-baw6S,Mosambi tree,Citrus limetta,19.29215371,76.479153,22,15,2_5,12,Good,Ward 11,Akshay Hake,Private,Good,Yes
5344,11,W111709470670749-baw6S,Mosambi tree,Citrus limetta,19.29217998,76.479153,21,17,2_5,13,Good,Ward 11,Akshay Hake,Private,Good,Yes
5345,11,W111709470671948-baw6S,Mosambi tree,Citrus limetta,19.29220751,76.47914495,26,13,2_5,10,Good,Ward 11,Akshay Hake,Private,Good,Yes
5346,11,W111709470672262-baw6S,Mosambi tree,Citrus limetta,19.29222523,76.47914764,29,17,2_5,13,Good,Ward 11,Akshay Hake,Private,Good,Yes
5347,11,W111709470672619-baw6S,Mosambi tree,Citrus limetta,19.29224612,76.47915501,23,14,2_5,11,Good,Ward 11,Akshay Hake,Private,Good,Yes
5348,11,W111709470683212-baw6S,Mosambi tree,Citrus limetta,19.29233219,76.47917446,21,13,2_5,10,Good,Ward 11,Akshay Hake,Private,Good,Yes
5349,11,W111709470683970-baw6S,Mosambi tree,Citrus limetta,19.292342,76.47916373,30,13,2_5,10,Good,Ward 11,Akshay Hake,Private,Good,Yes
5350,11,W111709470684431-baw6S,Mosambi tree,Citrus limetta,19.29234833,76.47916038,22,15,2_5,12,Good,Ward 11,Akshay Hake,Private,Good,Yes
5351,11,W111709470684802-baw6S,Mosambi tree,Citrus limetta,19.29235782,76.47915635,30,12,2_5,9,Good,Ward 11,Akshay Hake,Private,Good,Yes
5352,11,W111709470685561-baw6S,Mosambi tree,Citrus limetta,19.29241415,76.47916574,27,16,2_5,13,Good,Ward 11,Akshay Hake,Private,Good,Yes
5353,11,W111709470686579-baw6S,Mosambi tree,Citrus limetta,19.29242807,76.47916004,24,13,2_5,10,Good,Ward 11,Akshay Hake,Private,Good,Yes
5354,11,W111709470686925-baw6S,Mosambi tree,Citrus limetta,19.29243694,76.47916507,23,14,2_5,11,Good,Ward 11,Akshay Hake,Private,Good,Yes
5355,11,W111709470687328-baw6S,Mosambi tree,Citrus limetta,19.29244675,76.47915971,26,14,2_5,11,Good,Ward 11,Akshay Hake,Private,Good,Yes
5356,11,W111709470687654-baw6S,Mosambi tree,Citrus limetta,19.29245212,76.47916038,24,17,2_5,13,Good,Ward 11,Akshay Hake,Private,Good,Yes
5357,11,W111709470687998-baw6S,Mosambi tree,Citrus limetta,19.29246225,76.47916541,25,15,2_5,12,Good,Ward 11,Akshay Hake,Private,Good,Yes
5358,11,W111709470688358-baw6S,Mosambi tree,Citrus limetta,19.29247333,76.47916775,20,11,2_5,9,Good,Ward 11,Akshay Hake,Private,Good,Yes
5359,11,W111709470688713-baw6S,Mosambi tree,Citrus limetta,19.29248187,76.47917211,24,17,2_5,13,Good,Ward 11,Akshay Hake,Private,Good,Yes
5360,11,W111709470689039-baw6S,Mosambi tree,Citrus limetta,19.29248978,76.47917546,30,14,2_5,11,Good,Ward 11,Akshay Hake,Private,Good,Yes
5361,11,W111709470689346-baw6S,Mosambi tree,Citrus limetta,19.29249738,76.47917949,24,12,2_5,9,Good,Ward 11,Akshay Hake,Private,Good,Yes
5362,11,W111709470689674-baw6S,Mosambi tree,Citrus limetta,19.29250371,76.47918351,25,13,2_5,10,Good,Ward 11,Akshay Hake,Private,Good,Yes
5363,11,W111709470689988-baw6S,Mosambi tree,Citrus limetta,19.29251162,76.47917949,21,15,2_5,12,Good,Ward 11,Akshay Hake,Private,Good,Yes
5364,11,W111709470690314-baw6S,Mosambi tree,Citrus limetta,19.29251415,76.47916976,24,13,2_5,10,Good,Ward 11,Akshay Hake,Private,Good,Yes
5365,11,W111709470691271-baw6S,Mosambi tree,Citrus limetta,19.29251605,76.47913892,20,11,2_5,9,Good,Ward 11,Akshay Hake,Private,Good,Yes
5366,11,W111709470691629-baw6S,Mosambi tree,Citrus limetta,19.29251447,76.47913188,26,14,2_5,11,Good,Ward 11,Akshay Hake,Private,Good,Yes
5367,11,W111709470691966-baw6S,Mosambi tree,Citrus limetta,19.292517,76.47912048,25,13,2_5,10,Good,Ward 11,Akshay Hake,Private,Good,Yes
5368,11,W111709470692358-baw6S,Mosambi tree,Citrus limetta,19.29252238,76.47910673,20,15,2_5,12,Good,Ward 11,Akshay Hake,Private,Good,Yes
5369,11,W111709470695723-baw6S,Mosambi tree,Citrus limetta,19.29231858,76.47911813,23,14,2_5,11,Good,Ward 11,Akshay Hake,Private,Good,Yes
5370,11,W111709470696520-baw6S,Mosambi tree,Citrus limetta,19.29232586,76.47911679,26,13,2_5,10,Good,Ward 11,Akshay Hake,Private,Good,Yes
5371,11,W111709470696892-baw6S,Mosambi tree,Citrus limetta,19.29233251,76.47911847,27,16,2_5,13,Good,Ward 11,Akshay Hake,Private,Good,Yes
5372,11,W111709470697288-baw6S,Mosambi tree,Citrus limetta,19.29233884,76.47911243,20,16,2_5,13,Good,Ward 11,Akshay Hake,Private,Good,Yes
5373,11,W111709470698069-baw6S,Mosambi tree,Citrus limetta,19.29238472,76.47912685,23,13,2_5,10,Good,Ward 11,Akshay Hake,Private,Good,Yes
5374,11,W111709470698593-baw6S,Mosambi tree,Citrus limetta,19.2923977,76.47911847,28,13,2_5,10,Good,Ward 11,Akshay Hake,Private,Good,Yes
5375,11,W111709470699068-baw6S,Mosambi tree,Citrus limetta,19.29240244,76.47911511,27,15,2_5,12,Good,Ward 11,Akshay Hake,Private,Good,Yes
5376,11,W111709470699445-baw6S,Mosambi tree,Citrus limetta,19.29240782,76.47910707,27,14,2_5,11,Good,Ward 11,Akshay Hake,Private,Good,Yes
5377,11,W111709470699847-baw6S,Mosambi tree,Citrus limetta,19.29241637,76.47909902,21,15,2_5,12,Good,Ward 11,Akshay Hake,Private,Good,Yes
5378,11,W111709470700249-baw6S,Mosambi tree,Citrus limetta,19.29242333,76.47909265,23,16,2_5,13,Good,Ward 11,Akshay Hake,Private,Good,Yes
5379,11,W111709470700626-baw6S,Mosambi tree,Citrus limetta,19.29242681,76.47908125,26,15,2_5,12,Good,Ward 11,Akshay Hake,Private,Good,Yes
5380,11,W111709470701004-baw6S,Mosambi tree,Citrus limetta,19.29242523,76.4790675,28,11,2_5,9,Good,Ward 11,Akshay Hake,Private,Good,Yes
5381,11,W111709470704170-baw6S,Mosambi tree,Citrus limetta,19.29199612,76.47904404,27,11,2_5,9,Good,Ward 11,Akshay Hake,Private,Good,Yes
5382,11,W111709470704581-baw6S,Mosambi tree,Citrus limetta,19.29200941,76.47903364,21,16,2_5,13,Good,Ward 11,Akshay Hake,Private,Good,Yes
5383,11,W111709470705010-baw6S,Mosambi tree,Citrus limetta,19.29201606,76.47904102,28,15,2_5,12,Good,Ward 11,Akshay Hake,Private,Good,Yes
5384,11,W111709470705391-baw6S,Mosambi tree,Citrus limetta,19.2920227,76.47903532,29,15,2_5,12,Good,Ward 11,Akshay Hake,Private,Good,Yes
5385,11,W111709470705728-baw6S,Mosambi tree,Citrus limetta,19.29203378,76.47903197,22,17,2_5,13,Good,Ward 11,Akshay Hake,Private,Good,Yes
5386,11,W111709470706067-baw6S,Mosambi tree,Citrus limetta,19.29203758,76.47903297,20,14,2_5,11,Good,Ward 11,Akshay Hake,Private,Good,Yes
5387,11,W111709470706382-baw6S,Mosambi tree,Citrus limetta,19.29204296,76.47903029,28,15,2_5,12,Good,Ward 11,Akshay Hake,Private,Good,Yes
5388,11,W111709470706731-baw6S,Mosambi tree,Citrus limetta,19.29205245,76.47902895,26,11,2_5,9,Good,Ward 11,Akshay Hake,Private,Good,Yes
5389,11,W111709470707035-baw6S,Mosambi tree,Citrus limetta,19.29206004,76.47902492,21,14,2_5,11,Good,Ward 11,Akshay Hake,Private,Good,Yes
5390,11,W111709470707434-baw6S,Mosambi tree,Citrus limetta,19.29206542,76.4790209,22,13,2_5,10,Good,Ward 11,Akshay Hake,Private,Good,Yes
5391,11,W111709470707781-baw6S,Mosambi tree,Citrus limetta,19.29207397,76.47902157,29,16,2_5,13,Good,Ward 11,Akshay Hake,Private,Good,Yes
5392,11,W111709470708128-baw6S,Mosambi tree,Citrus limetta,19.29207872,76.47901822,20,15,2_5,12,Good,Ward 11,Akshay Hake,Private,Good,Yes
5393,11,W111709470708465-baw6S,Mosambi tree,Citrus limetta,19.29208346,76.4790152,22,12,2_5,9,Good,Ward 11,Akshay Hake,Private,Good,Yes
5394,11,W111709470709475-baw6S,Mosambi tree,Citrus limetta,19.29209644,76.47901185,23,16,2_5,13,Good,Ward 11,Akshay Hake,Private,Good,Yes
5395,11,W111709470710498-baw6S,Mosambi tree,Citrus limetta,19.29210814,76.4790028,29,15,2_5,12,Good,Ward 11,Akshay Hake,Private,Good,Yes
5396,11,W111709470710834-baw6S,Mosambi tree,Citrus limetta,19.29211447,76.47900213,30,15,2_5,12,Good,Ward 11,Akshay Hake,Private,Good,Yes
5397,11,W111709470711238-baw6S,Mosambi tree,Citrus limetta,19.29212112,76.47899676,22,17,2_5,13,Good,Ward 11,Akshay Hake,Private,Good,Yes
5398,11,W111709470711572-baw6S,Mosambi tree,Citrus limetta,19.29212682,76.47899307,26,13,2_5,10,Good,Ward 11,Akshay Hake,Private,Good,Yes
5399,11,W111709470711959-baw6S,Mosambi tree,Citrus limetta,19.29214169,76.47898972,23,14,2_5,11,Good,Ward 11,Akshay Hake,Private,Good,Yes
5400,11,W111709470716592-baw6S,Mosambi tree,Citrus limetta,19.29177239,76.47909634,22,13,2_5,10,Good,Ward 11,Akshay Hake,Private,Good,Yes
5401,11,W111709470717125-baw6S,Mosambi tree,Citrus limetta,19.2917841,76.47909164,30,16,2_5,13,Good,Ward 11,Akshay Hake,Private,Good,Yes
5402,11,W111709470717496-baw6S,Mosambi tree,Citrus limetta,19.29179454,76.47909064,24,15,2_5,12,Good,Ward 11,Akshay Hake,Private,Good,Yes
5403,11,W111709470717864-baw6S,Mosambi tree,Citrus limetta,19.29179676,76.47908729,28,15,2_5,12,Good,Ward 11,Akshay Hake,Private,Good,Yes
5404,11,W111709470718200-baw6S,Mosambi tree,Citrus limetta,19.29180372,76.47908796,29,16,2_5,13,Good,Ward 11,Akshay Hake,Private,Good,Yes
5405,11,W111709470718538-baw6S,Mosambi tree,Citrus limetta,19.29181163,76.47908695,25,12,2_5,9,Good,Ward 11,Akshay Hake,Private,Good,Yes
5406,11,W111709470718874-baw6S,Mosambi tree,Citrus limetta,19.2918167,76.47908662,22,15,2_5,12,Good,Ward 11,Akshay Hake,Private,Good,Yes
5407,11,W111709470719473-baw6S,Mosambi tree,Citrus limetta,19.2918265,76.47908594,28,13,2_5,10,Good,Ward 11,Akshay Hake,Private,Good,Yes
5408,11,W111709470721129-baw6S,Mosambi tree,Citrus limetta,19.29184834,76.47907991,24,15,2_5,12,Good,Ward 11,Akshay Hake,Private,Good,Yes
5409,11,W111709470721432-baw6S,Mosambi tree,Citrus limetta,19.29184612,76.47908192,28,13,2_5,10,Good,Ward 11,Akshay Hake,Private,Good,Yes
5410,11,W111709470722400-baw6S,Mosambi tree,Citrus limetta,19.29186005,76.47907656,20,13,2_5,10,Good,Ward 11,Akshay Hake,Private,Good,Yes
5411,11,W111709470722745-baw6S,Mosambi tree,Citrus limetta,19.29186606,76.47907555,21,14,2_5,11,Good,Ward 11,Akshay Hake,Private,Good,Yes
5412,11,W111709470770614-baw6S,Mosambi tree,Citrus limetta,19.291911,76.47907119,21,13,2_5,10,Good,Ward 11,Akshay Hake,Private,Good,Yes
5413,11,W111709470996674-baw6S,Neem Tree,Azadirachta indica,19.2928806,76.4829557,36,29,10_50,22,Good,Ward 11,Akshay Hake,Private,Good,Yes
5414,11,W111709470998656-baw6S,Neem Tree,Azadirachta indica,19.29277174,76.48310523,46,22,10_50,17,Good,Ward 11,Akshay Hake,Private,Good,Yes
5415,11,W111709471000009-baw6S,Neem Tree,Azadirachta indica,19.29280781,76.48323633,67,30,10_50,24,Good,Ward 11,Akshay Hake,Private,Good,Yes
5416,11,W111709471000926-baw6S,Neem Tree,Azadirachta indica,19.29275212,76.4833121,57,22,10_50,17,Good,Ward 11,Akshay Hake,Private,Good,Yes
5417,11,W111709471002363-baw6S,Neem Tree,Azadirachta indica,19.29322869,76.48347437,63,27,10_50,22,Good,Ward 11,Akshay Hake,Private,Good,Yes
5418,11,W111709471005730-baw6S,Neem Tree,Azadirachta indica,19.29315812,76.48343381,45,39,10_50,31,Good,Ward 11,Akshay Hake,Private,Good,Yes
5419,11,W111709471006234-baw6S,Neem Tree,Azadirachta indica,19.29315053,76.48342945,42,35,10_50,27,Good,Ward 11,Akshay Hake,Private,Good,Yes
5420,11,W111709471006624-baw6S,Neem Tree,Azadirachta indica,19.29311698,76.48342744,58,22,10_50,17,Good,Ward 11,Akshay Hake,Private,Good,Yes
5421,11,W111709471007620-baw6S,Neem Tree,Azadirachta indica,19.29308407,76.48341335,58,25,10_50,19,Good,Ward 11,Akshay Hake,Private,Good,Yes
5422,11,W111709471009474-baw6S,Neem Tree,Azadirachta indica,19.29306319,76.48340531,40,39,10_50,31,Good,Ward 11,Akshay Hake,Private,Good,Yes
5423,11,W111709471009791-baw6S,Neem Tree,Azadirachta indica,19.29305622,76.48340229,47,36,10_50,28,Good,Ward 11,Akshay Hake,Private,Good,Yes
5424,11,W111709471010129-baw6S,Neem Tree,Azadirachta indica,19.29304072,76.4833919,31,22,10_50,17,Good,Ward 11,Akshay Hake,Private,Good,Yes
5425,11,W111709471011040-baw6S,Neem Tree,Azadirachta indica,19.29301287,76.48337144,47,39,10_50,30,Good,Ward 11,Akshay Hake,Private,Good,Yes
5426,11,W111709471013449-baw6S,Neem Tree,Azadirachta indica,19.29295116,76.48332853,57,29,10_50,22,Good,Ward 11,Akshay Hake,Private,Good,Yes
5427,11,W111709471014386-baw6S,Neem Tree,Azadirachta indica,19.29294135,76.4833644,45,24,10_50,19,Good,Ward 11,Akshay Hake,Private,Good,Yes
5428,11,W111709471015224-baw6S,Neem Tree,Azadirachta indica,19.29291382,76.48339927,39,33,10_50,26,Good,Ward 11,Akshay Hake,Private,Good,Yes
5429,11,W111709471016533-baw6S,Neem Tree,Azadirachta indica,19.29291604,76.48332819,38,21,10_50,17,Good,Ward 11,Akshay Hake,Private,Good,Yes
5430,11,W111709471016888-baw6S,Neem Tree,Azadirachta indica,19.29287522,76.48336206,61,29,10_50,23,Good,Ward 11,Akshay Hake,Private,Good,Yes
5431,11,W111709471017602-baw6S,Neem Tree,Azadirachta indica,19.29279674,76.48339961,54,30,10_50,24,Good,Ward 11,Akshay Hake,Private,Good,Yes
5432,11,W111709471018339-baw6S,Neem Tree,Azadirachta indica,19.29284009,76.48343079,36,22,10_50,17,Good,Ward 11,Akshay Hake,Private,Good,Yes
5433,11,W111709471018642-baw6S,Neem Tree,Azadirachta indica,19.29285876,76.48328796,42,25,10_50,19,Good,Ward 11,Akshay Hake,Private,Good,Yes
5434,11,W111709471019926-baw6S,Neem Tree,Azadirachta indica,19.29288534,76.4832323,37,30,10_50,24,Good,Ward 11,Akshay Hake,Private,Good,Yes
5435,11,W111709471020516-baw6S,Neem Tree,Azadirachta indica,19.29302743,76.4832769,56,25,10_50,19,Good,Ward 11,Akshay Hake,Private,Good,Yes
5436,11,W111709471020937-baw6S,Neem Tree,Azadirachta indica,19.29299357,76.48323867,46,33,10_50,26,Good,Ward 11,Akshay Hake,Private,Good,Yes
5437,11,W111709471021547-baw6S,Neem Tree,Azadirachta indica,19.29295844,76.48327153,64,35,10_50,27,Good,Ward 11,Akshay Hake,Private,Good,Yes
5438,11,W111709471023022-baw6S,Neem Tree,Azadirachta indica,19.29280655,76.48319777,37,39,10_50,30,Good,Ward 11,Akshay Hake,Private,Good,Yes
5439,11,W111709471027617-baw6S,Neem Tree,Azadirachta indica,19.29347298,76.48342643,46,36,10_50,28,Good,Ward 11,Akshay Hake,Private,Good,Yes
5440,11,W111709471028510-baw6S,Neem Tree,Azadirachta indica,19.2934559,76.48318168,63,33,10_50,26,Good,Ward 11,Akshay Hake,Private,Good,Yes
5441,11,W111709471029856-baw6S,Neem Tree,Azadirachta indica,19.2940198,76.48329835,49,19,10_50,15,Good,Ward 11,Akshay Hake,Private,Good,Yes
5442,11,W111709471030839-baw6S,Neem Tree,Azadirachta indica,19.29403088,76.48311228,66,38,10_50,30,Good,Ward 11,Akshay Hake,Private,Good,Yes
5443,11,W111709471031602-baw6S,Neem Tree,Azadirachta indica,19.29393341,76.48309886,52,29,10_50,23,Good,Ward 11,Akshay Hake,Private,Good,Yes
5444,11,W111709471032044-baw6S,Neem Tree,Azadirachta indica,19.29385145,76.48300398,53,21,10_50,17,Good,Ward 11,Akshay Hake,Private,Good,Yes
5445,11,W111709471033580-baw6S,Neem Tree,Azadirachta indica,19.29372424,76.48290206,39,38,10_50,30,Good,Ward 11,Akshay Hake,Private,Good,Yes
5446,11,W111709471034546-baw6S,Neem Tree,Azadirachta indica,19.29394132,76.48285177,33,38,10_50,30,Good,Ward 11,Akshay Hake,Private,Good,Yes
5447,11,W111709471034917-baw6S,Neem Tree,Azadirachta indica,19.2939967,76.48273543,40,25,10_50,19,Good,Ward 11,Akshay Hake,Private,Good,Yes
5448,11,W111709471036357-baw6S,Neem Tree,Azadirachta indica,19.29430365,76.48299124,61,19,10_50,15,Good,Ward 11,Akshay Hake,Private,Good,Yes
5449,11,W111709471036781-baw6S,Neem Tree,Azadirachta indica,19.29450491,76.48289736,56,37,10_50,29,Good,Ward 11,Akshay Hake,Private,Good,Yes
5450,11,W111709471037599-baw6S,Neem Tree,Azadirachta indica,19.29451346,76.4831619,63,39,10_50,31,Good,Ward 11,Akshay Hake,Private,Good,Yes
5451,11,W111709471040937-baw6S,Neem Tree,Azadirachta indica,19.29458181,76.48342978,42,37,10_50,29,Good,Ward 11,Akshay Hake,Private,Good,Yes
5452,11,W111709471048101-baw6S,Neem Tree,Azadirachta indica,19.29416568,76.48296341,49,26,10_50,20,Good,Ward 11,Akshay Hake,Private,Good,Yes
5453,11,W111709471049605-baw6S,Neem Tree,Azadirachta indica,19.29437106,76.48312636,30,20,10_50,16,Good,Ward 11,Akshay Hake,Private,Good,Yes
5454,11,W111709471050920-baw6S,Neem Tree,Azadirachta indica,19.29435302,76.48289099,62,30,10_50,24,Good,Ward 11,Akshay Hake,Private,Good,Yes
5455,11,W111709471052761-baw6S,Neem Tree,Azadirachta indica,19.29444795,76.4826962,41,18,10_50,14,Good,Ward 11,Akshay Hake,Private,Good,Yes
5456,11,W111709471054180-baw6S,Neem Tree,Azadirachta indica,19.29467706,76.48281991,66,29,10_50,22,Good,Ward 11,Akshay Hake,Private,Good,Yes
5457,11,W111709471054515-baw6S,Neem Tree,Azadirachta indica,19.29475807,76.48286115,32,35,10_50,27,Good,Ward 11,Akshay Hake,Private,Good,Yes
5458,11,W111709471056028-baw6S,Neem Tree,Azadirachta indica,19.29496091,76.48294095,59,40,10_50,31,Good,Ward 11,Akshay Hake,Private,Good,Yes
5459,11,W111709471060394-baw6S,Neem Tree,Azadirachta indica,19.29478876,76.48300029,43,29,10_50,23,Good,Ward 11,Akshay Hake,Private,Good,Yes
5460,11,W111709471063905-baw6S,Neem Tree,Azadirachta indica,19.29429321,76.48330271,48,25,10_50,19,Good,Ward 11,Akshay Hake,Private,Good,Yes
5461,11,W111709471072258-baw6S,Neem Tree,Azadirachta indica,19.29390905,76.48372047,58,19,10_50,15,Good,Ward 11,Akshay Hake,Private,Good,Yes
5462,11,W111709471072636-baw6S,Neem Tree,Azadirachta indica,19.29388943,76.4837208,37,29,10_50,22,Good,Ward 11,Akshay Hake,Private,Good,Yes
5463,11,W111709471072995-baw6S,Neem Tree,Azadirachta indica,19.29386601,76.48370672,33,36,10_50,28,Good,Ward 11,Akshay Hake,Private,Good,Yes
5464,11,W111709471073373-baw6S,Neem Tree,Azadirachta indica,19.29386158,76.48370672,55,27,10_50,22,Good,Ward 11,Akshay Hake,Private,Good,Yes
5465,11,W111709471073731-baw6S,Neem Tree,Azadirachta indica,19.29385177,76.48369867,31,32,10_50,25,Good,Ward 11,Akshay Hake,Private,Good,Yes
5466,11,W111709471074036-baw6S,Neem Tree,Azadirachta indica,19.293835,76.48368493,61,36,10_50,28,Good,Ward 11,Akshay Hake,Private,Good,Yes
5467,11,W111709471074360-baw6S,Neem Tree,Azadirachta indica,19.29381854,76.48367487,51,20,10_50,16,Good,Ward 11,Akshay Hake,Private,Good,Yes
5468,11,W111709471074666-baw6S,Neem Tree,Azadirachta indica,19.29380114,76.48367185,43,33,10_50,26,Good,Ward 11,Akshay Hake,Private,Good,Yes
5469,11,W111709471075591-baw6S,Neem Tree,Azadirachta indica,19.2937619,76.48364335,60,17,10_50,13,Good,Ward 11,Akshay Hake,Private,Good,Yes
5470,11,W111709471078504-baw6S,Neem Tree,Azadirachta indica,19.29406727,76.48379758,40,29,10_50,23,Good,Ward 11,Akshay Hake,Private,Good,Yes
5471,11,W111709471078925-baw6S,Neem Tree,Azadirachta indica,19.29404354,76.4837902,47,37,10_50,29,Good,Ward 11,Akshay Hake,Private,Good,Yes
5472,11,W111709471079252-baw6S,Neem Tree,Azadirachta indica,19.2940293,76.48378953,48,21,10_50,17,Good,Ward 11,Akshay Hake,Private,Good,Yes
5473,11,W111709471079644-baw6S,Neem Tree,Azadirachta indica,19.29400904,76.48377914,31,18,10_50,14,Good,Ward 11,Akshay Hake,Private,Good,Yes
5474,11,W111709471079979-baw6S,Neem Tree,Azadirachta indica,19.29399322,76.4837721,69,22,10_50,17,Good,Ward 11,Akshay Hake,Private,Good,Yes
5475,11,W111709471080347-baw6S,Neem Tree,Azadirachta indica,19.29397677,76.48376573,60,39,10_50,31,Good,Ward 11,Akshay Hake,Private,Good,Yes
5476,11,W111709471083714-baw6S,Neem Tree,Azadirachta indica,19.29373279,76.48349281,48,18,10_50,14,Good,Ward 11,Akshay Hake,Private,Good,Yes
5477,11,W111709471086151-baw6S,Neem Tree,Azadirachta indica,19.29350241,76.48355886,45,26,10_50,21,Good,Ward 11,Akshay Hake,Private,Good,Yes
5478,11,W111709471090838-baw6S,Neem Tree,Azadirachta indica,19.29373595,76.48399036,55,33,10_50,26,Good,Ward 11,Akshay Hake,Private,Good,Yes
5479,11,W111709471091671-baw6S,Neem Tree,Azadirachta indica,19.29369608,76.48397729,41,33,10_50,26,Good,Ward 11,Akshay Hake,Private,Good,Yes
5480,11,W111709471092438-baw6S,Neem Tree,Azadirachta indica,19.2935983,76.4838757,46,39,10_50,31,Good,Ward 11,Akshay Hake,Private,Good,Yes
5481,11,W111709471092891-baw6S,Neem Tree,Azadirachta indica,19.29354545,76.48383178,42,21,10_50,16,Good,Ward 11,Akshay Hake,Private,Good,Yes
5482,11,W111709471093226-baw6S,Neem Tree,Azadirachta indica,19.29352615,76.48381099,47,33,10_50,26,Good,Ward 11,Akshay Hake,Private,Good,Yes
5483,11,W111709471093597-baw6S,Neem Tree,Azadirachta indica,19.2934964,76.48378987,58,20,10_50,16,Good,Ward 11,Akshay Hake,Private,Good,Yes
5484,11,W111709471102105-baw6S,Neem Tree,Azadirachta indica,19.29299357,76.48440309,49,25,10_50,20,Good,Ward 11,Akshay Hake,Private,Good,Yes
5485,11,W111709471103849-baw6S,Neem Tree,Azadirachta indica,19.29314704,76.48411945,55,32,10_50,25,Good,Ward 11,Akshay Hake,Private,Good,Yes
5486,11,W111709471105477-baw6S,Neem Tree,Azadirachta indica,19.29322521,76.4838073,67,25,10_50,19,Good,Ward 11,Akshay Hake,Private,Good,Yes
5487,11,W111709471108188-baw6S,Neem Tree,Azadirachta indica,19.29310306,76.48360346,52,24,10_50,19,Good,Ward 11,Akshay Hake,Private,Good,Yes
5488,11,W111709471127449-baw6S,Indian-almond Tree,Terminalia catappa,19.29287711,76.48369465,61,22,10_50,17,Good,Ward 11,Akshay Hake,Private,Good,Yes
5489,11,W111709471130153-baw6S,Indian-almond Tree,Terminalia catappa,19.29288851,76.48362391,64,28,10_50,22,Good,Ward 11,Akshay Hake,Private,Good,Yes